MaNganh,TenVSIC
01110,Trồng lúa
01120,Trồng ngô và cây lương thực có hạt khác
01130,Trồng cây lấy củ có chất bột
01140,Trồng cây mía
01150,"Trồng cây thuốc lá, thuốc lào"
01160,Trồng cây lấy sợi
01170,Trồng cây có hạt chứa dầu
01181,Trồng rau các loại
01182,Trồng đậu các loại
01183,"Trồng hoa, cây cảnh hàng năm"
01191,Trồng cây gia vị hàng năm
01192,"Trồng cây dược liệu, hương liệu hàng năm"
01199,Trồng cây hàng năm khác còn lại
01211,Trồng nho
01212,Trồng cây ăn quả vùng nhiệt đới và cận nhiệt đới
01213,"Trồng cam, quýt và các loại quả có múi khác"
01214,"Trồng táo, mận và các loại quả có hạt như táo"
01215,"Trồng nhãn, vải, chôm chôm"
01219,Trồng cây ăn quả khác
01220,Trồng cây lấy quả chứa dầu
01230,Trồng cây điều
01240,Trồng cây hồ tiêu
01250,Trồng cây cao su
01260,Trồng cây cà phê
01270,Trồng cây chè
01281,Trồng cây gia vị lâu năm
01282,"Trồng cây dược liệu, hương liệu lâu năm"
01291,Trồng cây cảnh lâu năm
01299,Trồng cây lâu năm khác còn lại
01310,Nhân và chăm sóc cây giống hàng năm
01320,Nhân và chăm sóc cây giống lâu năm
01411,"Sản xuất giống trâu, bò"
01412,"Chăn nuôi trâu, bò"
01421,"Sản xuất giống ngựa, lừa"
01422,"Chăn nuôi ngựa, lừa, la"
01441,"Sản xuất giống dê, cừu, hươu, nai"
01442,"Chăn nuôi dê, cừu, hươu, nai"
01451,Sản xuất giống lợn
01452,Chăn nuôi lợn
01461,Hoạt động ấp trứng và sản xuất giống gia cầm
01462,Chăn nuôi gà
01463,"Chăn nuôi vịt, ngan, ngỗng"
01469,Chăn nuôi gia cầm khác
01490,Chăn nuôi khác
01500,"Trồng trọt, chăn nuôi hỗn hợp"
01610,Hoạt động dịch vụ trồng trọt
01620,Hoạt động dịch vụ chăn nuôi
01630,Hoạt động dịch vụ sau thu hoạch
01640,Xử lý hạt giống để nhân giống
01700,"Săn bắt, đánh bẫy và hoạt động dịch vụ có liên quan"
02101,Trồng rừng và chăm sóc rừng cây thân gỗ
02102,Trồng rừng và chăm sóc rừng họ tre
02103,Trồng rừng và chăm sóc rừng khác
02104,Ươm giống cây lâm nghiệp
02200,Khai thác gỗ
02310,Khai thác lâm sản trừ gỗ
02320,Thu nhặt lâm sản trừ gỗ
02400,Hoạt động dịch vụ lâm nghiệp
03110,Khai thác thủy sản biển
03120,Khai thác thủy sản nội địa
03211,Nuôi cá
03212,Nuôi tôm
03213,Nuôi thủy sản khác
03214,Sản xuất giống thủy sản biển
03221,Nuôi cá
03222,Nuôi tôm
03223,Nuôi thủy sản khác
03224,Sản xuất giống thủy sản nội địa
05100,Khai thác và thu gom than cứng
05200,Khai thác và thu gom than non
06100,Khai thác dầu thô
06200,Khai thác khí đốt tự nhiên
07100,Khai thác quặng sắt
07210,Khai thác quặng uranium và quặng thorium
07221,Khai thác quặng bôxít
07229,Khai thác quặng kim loại khác không chứa sắt chưa được phân vào đâu
07300,"Khai thác quặng kim loại quý hiếm "
08101,Khai thác đá
08102,"Khai thác cát, sỏi"
08103,Khai thác đất sét
08910,Khai thác khoáng hoá chất và khoáng phân bón
08920,Khai thác và thu gom than bùn
08930,Khai thác muối
08990,Khai khoáng khác chưa được phân vào đâu
09100,"Hoạt động dịch vụ hỗ trợ khai thác dầu thô và khí tự nhiên, , "
09900,Hoạt động dịch vụ hỗ trợ khai khoáng khác
10101,"Giết mổ gia súc, gia cầm"
10102,Chế biến và bảo quản thịt
10109,"Chế biến và bảo quản các sản phẩm từ thịt "
10201,Chế biến và bảo quản thủy sản đông lạnh
10202,Chế biến và bảo quản thủy sản khô
10203,Chế biến và bảo quản nước mắm
10209,Chế biến và bảo quản các sản phẩm khác từ thủy sản
10301,Sản xuất nước ép từ rau quả
10309,Chế biến và bảo quản rau quả khác
10401,"Sản xuất dầu, mỡ động vật"
10402,"Sản xuất dầu, bơ thực vật"
10500,Chế biến sữa và các sản phẩm từ sữa
10611,Xay xát
10612,Sản xuất bột thô
10620,Sản xuất tinh bột và các sản phẩm từ tinh bột
10710,Sản xuất các loại bánh từ bột
10720,Sản xuất đường
10730,"Sản xuất ca cao, sôcôla và bánh kẹo"
10740,"Sản xuất mì ống, mỳ sợi và sản phẩm tương tự"
10751,"Sản xuất món ăn, thức ăn chế biến sẵn từ thịt"
10752,"Sản xuất món ăn, thức ăn chế biến sẵn từ thủy sản"
10759,"Sản xuất món ăn, thức ăn chế biến sẵn khác"
10760,Sản xuất chè
10770,Sản xuất cà phê
10790,Sản xuất thực phẩm khác chưa được phân vào đâu
10800,"Sản xuất thức ăn gia súc, gia cầm và thuỷ sản"
11010,"Chưng, tinh cất và pha chế các loại rượu mạnh"
11020,Sản xuất rượu vang
11030,Sản xuất bia và mạch nha ủ men bia
11041,"Sản xuất nước khoáng, nước tinh khiết đóng chai"
11042,Sản xuất đồ uống không cồn
12001,Sản xuất thuốc lá
12009,Sản xuất thuốc hút khác
13110,Sản xuất sợi
13120,Sản xuất vải dệt thoi
13130,Hoàn thiện sản phẩm dệt
13910,"Sản xuất vải dệt kim, vải đan móc và vải không dệt khác"
13920,Sản xuất hàng dệt sẵn (trừ trang phục)
13930,"Sản xuất thảm, chăn, đệm"
13940,Sản xuất các loại dây bện và lưới
13990,Sản xuất các loại hàng dệt khác chưa được phân vào đâu
14100,May trang phục (trừ trang phục từ da lông thú)
14200,Sản xuất sản phẩm từ da lông thú
14300,"Sản xuất trang phục dệt kim, đan móc"
15110,"Thuộc, sơ chế da; sơ chế và nhuộm da lông thú"
15120,"Sản xuất vali, túi xách và các loại tương tự, sản xuất yên đệm"
15200,"Sản xuất giày, dép"
16101,"Cưa, xẻ và bào gỗ"
16102,Bảo quản gỗ
16210,"Sản xuất gỗ dán, gỗ lạng, ván ép và ván mỏng khác"
16220,Sản xuất đồ gỗ xây dựng
16230,Sản xuất bao bì bằng gỗ
16291,Sản xuất sản phẩm khác từ gỗ
16292,"Sản xuất sản phẩm từ lâm sản (trừ gỗ), cói và vật liệu tết bện"
17010,"Sản xuất bột giấy, giấy và bìa"
17021,"Sản xuất bao bì bằng giấy, bìa"
17022,Sản xuất giấy nhăn và bìa nhăn
17090,"Sản xuất các sản phẩm khác từ giấy và bìa chưa được phân vào đâu , "
18110,In ấn
18120,Dịch vụ liên quan đến in
18200,Sao chép bản ghi các loại
19100,Sản xuất than cốc
19200,Sản xuất sản phẩm dầu mỏ tinh chế
20111,Sản xuất khí công nghiệp
20112,Sản xuất chất nhuộm và chất màu
20113,Sản xuất hóa chất vô cơ cơ bản khác
20114,Sản xuất hoá chất hữu cơ cơ bản khác
20119,Sản xuất hóa chất cơ bản khác
20120,Sản xuất phân bón và hợp chất ni tơ
20131,Sản xuất plastic nguyên sinh
20132,Sản xuất cao su tổng hợp dạng nguyên sinh
20210,Sản xuất thuốc trừ sâu và sản phẩm hoá chất khác dùng trong nông nghiệp
20221,"Sản xuất sơn, véc ni và các chất sơn, quét tương tự, ma tít"
20222,"Sản xuất mực in "
20231,Sản xuất mỹ phẩm
20232,"Sản xuất xà phòng, chất tẩy rửa, làm bóng và chế phẩm vệ sinh, "
20290,Sản xuất sản phẩm hoá chất khác chưa được phân vào đâu
20300,Sản xuất sợi nhân tạo
21001,Sản xuất thuốc các loại
21002,Sản xuất hoá dược và dược liệu
22110,"Sản xuất săm, lốp cao su; đắp và tái chế lốp cao su"
22190,Sản xuất sản phẩm khác từ cao su
22201,Sản xuất bao bì từ plastic
22209,Sản xuất sản phẩm khác từ plastic
23101,Sản xuất thủy tinh phẳng và sản phẩm từ thủy tinh phẳng
23102,Sản xuất thủy tinh rỗng và sản phẩm từ thủy tinh rỗng
23103,"Sản xuất sợi thủy tinh và sản phẩm từ sợi thủy tinh "
23109,Sản xuất thủy tinh khác và các sản phẩm từ thủy tinh
23910,Sản xuất sản phẩm chịu lửa
23920,Sản xuất vật liệu xây dựng từ đất sét
23930,Sản xuất sản phẩm gốm sứ khác
23941,Sản xuất xi măng
23942,"Sản xuất vôi "
23943,Sản xuất thạch cao
23950,"Sản xuất bê tông và các sản phẩm từ bê tông, xi măng , và thạch cao, "
23960,Cắt tạo dáng và hoàn thiện đá
23990,"Sản xuất sản phẩm từ chất khoáng phi kim loại khác , chưa được phân vào đâu, "
24100,"Sản xuất sắt, thép, gang"
24201,Sản xuất kim loại quý
24202,Sản xuất kim loại màu
24310,"Đúc sắt, thép"
24320,Đúc kim loại màu
25110,"Sản xuất các cấu kiện kim loại "
25120,"Sản xuất thùng, bể chứa và dụng cụ chứa đựng bằng kim loại"
25130,Sản xuất nồi hơi (trừ nồi hơi trung tâm)
25200,Sản xuất vũ khí và đạn dược
25910,"Rèn, dập, ép và cán kim loại; luyện bột kim loại"
25920,Gia công cơ khí; xử lý và tráng phủ kim loại
25930,"Sản xuất dao kéo, dụng cụ cầm tay và đồ kim loại thông dụng"
25991,"Sản xuất đồ dùng bằng kim loại cho nhà bếp, nhà vệ sinh và nhà ăn"
25999,Sản xuất sản phẩm khác còn lại bằng kim loại chưa được phân vào đâu
26100,Sản xuất linh kiện điện tử
26200,Sản xuất máy vi tính và thiết bị ngoại vi của máy vi tính
26300,Sản xuất thiết bị truyền thông
26400,Sản xuất sản phẩm điện tử dân dụng
26510,"Sản xuất thiết bị đo lường, kiểm tra, định hướng , và điều khiển, "
26520,Sản xuất đồng hồ
26600,"Sản xuất thiết bị bức xạ, thiết bị điện tử trong y học, , điện liệu pháp, "
26700,Sản xuất thiết bị và dụng cụ quang học
26800,"Sản xuất băng, đĩa từ tính và quang học"
27101,"Sản xuất mô tơ, máy phát"
27102,"Sản xuất biến thế điện, thiết bị phân phối và điều khiển điện"
27200,Sản xuất pin và ắc quy
27310,"Sản xuất dây cáp, sợi cáp quang học"
27320,"Sản xuất dây, cáp điện và điện tử khác"
27330,Sản xuất thiết bị dây dẫn điện các loại
27400,Sản xuất thiết bị điện chiếu sáng
27500,Sản xuất đồ điện dân dụng
27900,Sản xuất thiết bị điện khác
28110,"Sản xuất động cơ, tua bin (trừ động cơ máy bay, ô tô, mô tô và xe máy)"
28120,"Sản xuất thiết bị sử dụng năng lượng chiết lưu "
28130,"Sản xuất máy bơm, máy nén, vòi và van khác"
28140,"Sản xuất bi, bánh răng, hộp số, các bộ phận điều khiển và truyền chuyển động"
28150,"Sản xuất lò nướng, lò luyện và lò nung"
28160,"Sản xuất các thiết bị nâng, hạ và bốc xếp"
28170,Sản xuất máy móc và thiết bị văn phòng (trừ máy vi tính và thiết bị ngoại vi của máy vi tính)
28180,"Sản xuất dụng cụ cầm tay chạy bằng mô tơ hoặc khí nén "
28190,Sản xuất máy thông dụng khác
28210,Sản xuất máy nông nghiệp và lâm nghiệp
28220,Sản xuất máy công cụ và máy tạo hình kim loại
28230,Sản xuất máy luyện kim
28240,Sản xuất máy khai thác mỏ và xây dựng
28250,"Sản xuất máy chế biến thực phẩm, đồ uống và thuốc lá"
28260,"Sản xuất máy cho ngành dệt, may và da"
28291,Sản xuất máy sản xuất vật liệu xây dựng
28299,Sản xuất máy chuyên dụng khác chưa được phân vào đâu
29100,Sản xuất ô tô và xe có động cơ khác
29200,"Sản xuất thân xe ô tô và xe có động cơ khác, rơ moóc và bán rơ moóc"
29300,"Sản xuất phụ tùng và bộ phận phụ trợ cho xe ô tô và xe có động cơ khác, "
30110,Đóng tàu và cấu kiện nổi
30120,"Đóng thuyền, xuồng thể thao và giải trí"
30200,"Sản xuất đầu máy xe lửa, xe điện và toa xe"
30300,"Sản xuất máy bay, tàu vũ trụ và máy móc liên quan"
30400,Sản xuất xe cơ giới chiến đấu dùng trong quân đội
30910,"Sản xuất mô tô, xe máy"
30920,Sản xuất xe đạp và xe cho người khuyết tật
30990,Sản xuất phương tiện và thiết bị vận tải khác chưa được phân vào đâu
31001,"Sản xuất giường, tủ, bàn, ghế bằng gỗ"
31002,"Sản xuất giường, tủ, bàn, ghế bằng kim loại"
31009,"Sản xuất giường, tủ, bàn, ghế bằng vật liệu khác"
32110,Sản xuất đồ kim hoàn và chi tiết liên quan
32120,Sản xuất đồ giả kim hoàn và chi tiết liên quan
32200,"Sản xuất nhạc cụ "
32300,"Sản xuất dụng cụ thể dục, thể thao"
32400,"Sản xuất đồ chơi, trò chơi"
32501,"Sản xuất thiết bị, dụng cụ y tế, nha khoa"
32502,"Sản xuất dụng cụ chỉnh hình, phục hồi chức năng"
32900,Sản xuất khác chưa được phân vào đâu
33110,Sửa chữa các sản phẩm kim loại đúc sẵn
33120,"Sửa chữa máy móc, thiết bị"
33130,Sửa chữa thiết bị điện tử và quang học
33140,Sửa chữa thiết bị điện
33150,"Sửa chữa và bảo dưỡng phương tiện vận tải (trừ ô tô, mô tô, xe máy và xe có động cơ khác)"
33190,Sửa chữa thiết bị khác
33200,Lắp đặt máy móc và thiết bị công nghiệp
35111,Thủy điện
35112,Nhiệt điện than
35113,Nhiệt điện khí
35114,Điện hạt nhân
35115,Điện gió
35116,Điện mặt trời
35119,Điện khác
35121,Truyền tải điện
35122,Phân phối điện
35201,"Sản xuất khí đốt "
35202,Phân phối nhiên liệu khí bằng đường ống
35301,"Sản xuất, phân phối hơi nước, nước nóng và điều hoà , không khí, "
35302,Sản xuất nước đá
36000,"Khai thác, xử lý và cung cấp nước"
37001,"Thoát nước "
37002,Xử lý nước thải
38110,Thu gom rác thải không độc hại
38121,Thu gom rác thải y tế
38129,Thu gom rác thải độc hại khác
38210,Xử lý và tiêu huỷ rác thải không độc hại
38221,Xử lý và tiêu huỷ rác thải y tế
38229,Xử lý và tiêu huỷ rác thải độc hại khác
38301,Tái chế phế liệu kim loại
38302,Tái chế phế liệu phi kim loại
39000,Xử lý ô nhiễm và hoạt động quản lý chất thải khác
41010,"Xây dựng nhà để ở "
41020,Xây dựng nhà không để ở
42110,"Xây dựng công trình đường sắt "
42120,"Xây dựng công trình đường bộ "
42210,Xây dựng công trình điện
42220,"Xây dựng công trình cấp, thoát nước"
42230,"Xây dựng công trình viễn thông, thông tin liên lạc"
42290,Xây dựng công trình công ích khác
42910,Xây dựng công trình thủy
42920,Xây dựng công trình khai khoáng
42930,"Xây dựng công trình chế biến, chế tạo"
42990,Xây dựng công trình kỹ thuật dân dụng khác
43110,Phá dỡ
43120,Chuẩn bị mặt bằng
43210,Lắp đặt hệ thống điện
43221,"Lắp đặt hệ thống cấp, thoát nước"
43222,Lắp đặt hệ thống sưởi và điều hoà không khí
43290,Lắp đặt hệ thống xây dựng khác
43300,Hoàn thiện công trình xây dựng
43900,Hoạt động xây dựng chuyên dụng khác
45111,Bán buôn ô tô con (loại 9 chỗ ngồi trở xuống)
45119,Bán buôn xe có động cơ khác
45120,Bán lẻ ô tô con (loại 9 chỗ ngồi trở xuống)
45131,Đại lý ô tô con (loại 9 chỗ ngồi trở xuống)
45139,Đại lý xe có động cơ khác
45200,"Bảo dưỡng, sửa chữa ô tô và xe có động cơ khác"
45301,"Bán buôn phụ tùng và các bộ phận phụ trợ của ô tô , và xe có động cơ khác, "
45302,"Bán lẻ phụ tùng và các bộ phận phụ trợ của ô tô con , (loại 9 chỗ ngồi trở xuống), "
45303,"Đại lý phụ tùng và các bộ phận phụ trợ của ô tô và , xe có động cơ khác, "
45411,"Bán buôn mô tô, xe máy"
45412,"Bán lẻ mô tô, xe máy"
45413,"Đại lý mô tô, xe máy"
45420,"Bảo dưỡng và sửa chữa mô tô, xe máy"
45431,"Bán buôn phụ tùng và các bộ phận phụ trợ của mô tô, xe máy"
45432,"Bán lẻ phụ tùng và các bộ phận phụ trợ của mô tô, xe máy"
45433,"Đại lý phụ tùng và các bộ phận phụ trợ của mô tô, xe máy"
46101,Đại lý bán hàng hóa
46102,Môi giới mua bán hàng hóa
46103,Đấu giá hàng hóa
46201,"Bán buôn thóc, ngô và các loại hạt ngũ cốc khác "
46202,"Bán buôn hoa và cây "
46203,Bán buôn động vật sống
46204,"Bán buôn thức ăn và nguyên liệu làm thức ăn cho gia súc, gia cầm và thuỷ sản, "
46209,"Bán buôn nông, lâm sản, nguyên liệu khác (trừ gỗ, tre, nứa)"
46310,"Bán buôn gạo, lúa mỳ, hạt ngũ cốc khác, bột mỳ"
46321,Bán buôn thịt và các sản phẩm từ thịt
46322,Bán buôn thủy sản
46323,"Bán buôn rau, quả "
46324,Bán buôn cà phê
46325,Bán buôn chè
46326,"Bán buôn đường, sữa và các sản phẩm sữa, bánh kẹo và các sản phẩm chế biến từ ngũ cốc, bột, tinh bột, "
46329,Bán buôn thực phẩm khác
46331,Bán buôn đồ uống có cồn
46332,Bán buôn đồ uống không có cồn
46340,"Bán buôn sản phẩm thuốc lá, thuốc lào "
46411,Bán buôn vải
46412,"Bán buôn thảm, đệm, chăn, màn, rèm, ga trải giường, gối và hàng dệt khác, "
46413,Bán buôn hàng may mặc
46414,"Bán buôn giày, dép"
46491,"Bán buôn vali, cặp, túi, ví, hàng da và giả da khác"
46492,Bán buôn dược phẩm và dụng cụ y tế
46493,"Bán buôn nước hoa, hàng mỹ phẩm và chế phẩm vệ sinh"
46494,"Bán buôn hàng gốm, sứ, thủy tinh"
46495,"Bán buôn đồ điện gia dụng, đèn và bộ đèn điện"
46496,"Bán buôn giường, tủ, bàn ghế và đồ dùng nội thất tương tự"
46497,"Bán buôn sách, báo, tạp chí, văn phòng phẩm"
46498,"Bán buôn dụng cụ thể dục, thể thao"
46499,Bán buôn đồ dùng khác cho gia đình chưa được phân vào đâu
46510,"Bán buôn máy vi tính, thiết bị ngoại vi và phần mềm"
46520,"Bán buôn thiết bị và linh kiện điện tử, viễn thông"
46530,"Bán buôn máy móc, thiết bị và phụ tùng máy,  nông nghiệp "
46591,"Bán buôn máy móc, thiết bị và phụ tùng máy,  khai khoáng, xây dựng"
46592,"Bán buôn máy móc, thiết bị điện, vật liệu điện,  (máy phát điện, động cơ điện, dây điện và thiết bị khác dùng trong mạch điện)"
46593,"Bán buôn máy móc, thiết bị và phụ tùng máy , dệt, may, da giày"
46594,"Bán buôn máy móc, thiết bị và phụ tùng máy văn phòng (trừ máy vi tính và thiết bị ngoại vi), "
46595,"Bán buôn máy móc, thiết bị y tế"
46599,"Bán buôn máy móc, thiết bị và phụ tùng máy khác , chưa được phân vào đâu"
46611,Bán buôn than đá và nhiên liệu rắn khác
46612,Bán buôn dầu thô
46613,Bán buôn xăng dầu và các sản phẩm liên quan
46614,Bán buôn khí đốt và các sản phẩm liên quan
46621,Bán buôn quặng kim loại
46622,"Bán buôn sắt, thép"
46623,Bán buôn kim loại khác
46624,"Bán buôn vàng, bạc và kim loại quý khác"
46631,"Bán buôn tre, nứa, gỗ cây và gỗ chế biến"
46632,Bán buôn xi măng
46633,"Bán buôn gạch xây, ngói, đá, cát, sỏi"
46634,Bán buôn kính xây dựng
46635,"Bán buôn sơn, véc ni"
46636,Bán buôn gạch ốp lát và thiết bị vệ sinh
46637,Bán buôn đồ ngũ kim
46639,"Bán buôn vật liệu, thiết bị lắp đặt khác trong xây dựng"
46691,"Bán buôn phân bón, thuốc trừ sâu và hóa chất khác , sử dụng trong nông nghiệp"
46692,Bán buôn hóa chất khác (trừ loại sử dụng trong nông nghiệp)
46693,Bán buôn chất dẻo dạng nguyên sinh
46694,Bán buôn cao su
46695,"Bán buôn tơ, xơ, sợi dệt"
46696,"Bán buôn phụ liệu may mặc và giày, dép"
46697,"Bán buôn phế liệu, phế thải kim loại, phi kim loại"
46699,"Bán buôn chuyên doanh khác còn lại chưa được,  phân vào đâu"
46900,"Bán buôn tổng hợp "
47111,Bán lẻ trong siêu thị
47112,Bán lẻ trong cửa hàng tiện lợi
47119,Bán lẻ trong cửa hàng kinh doanh tổng hợp khác
47191,Bán lẻ trong siêu thị (Supermarket)
47192,Bán lẻ trong cửa hàng tiện lợi (Minimarket)
47199,Bán lẻ trong cửa hàng kinh doanh tổng hợp khác
47210,Bán lẻ lương thực trong các cửa hàng chuyên doanh
47221,Bán lẻ thịt và các sản phẩm thịt trong các cửa hàng chuyên doanh
47222,Bán lẻ thủy sản trong các cửa hàng chuyên doanh
47223,"Bán lẻ rau, quả trong các cửa hàng chuyên doanh"
47224,"Bán lẻ đường, sữa và các sản phẩm sữa, bánh, mứt, kẹo và các sản phẩm chế biến từ ngũ cốc, bột, tinh bột trong các cửa hàng chuyên doanh"
47229,Bán lẻ thực phẩm khác trong các cửa hàng chuyên doanh
47230,Bán lẻ đồ uống trong các cửa hàng chuyên doanh
47240,"Bán lẻ sản phẩm thuốc lá, thuốc lào trong các cửa hàng chuyên doanh"
47300,Bán lẻ nhiên liệu động cơ trong các cửa hàng chuyên doanh
47411,"Bán lẻ máy vi tính, thiết bị ngoại vi, phần mềm trong các cửa hàng chuyên doanh"
47412,Bán lẻ thiết bị viễn thông trong các cửa hàng chuyên doanh
47420,Bán lẻ thiết bị nghe nhìn trong các cửa hàng chuyên doanh
47511,Bán lẻ vải trong các cửa hàng chuyên doanh
47519,"Bán lẻ len, sợi, chỉ khâu và hàng dệt khác trong các cửa hàng chuyên doanh"
47521,Bán lẻ đồ ngũ kim trong các cửa hàng chuyên doanh
47522,"Bán lẻ sơn, màu, véc ni trong các cửa hàng chuyên doanh"
47523,Bán lẻ kính xây dựng trong các cửa hàng chuyên doanh
47524,"Bán lẻ xi măng, gạch xây, ngói, đá, cát sỏi, sắt thép và vật liệu xây dựng khác trong các cửa hàng chuyên doanh"
47525,"Bán lẻ gạch ốp lát, thiết bị vệ sinh trong các cửa hàng chuyên doanh"
47529,Bán lẻ thiết bị lắp đặt khác trong xây dựng trong các cửa hàng chuyên doanh
47530,"Bán lẻ thảm, đệm, chăn, màn, rèm, vật liệu phủ tường và sàn trong các cửa hàng chuyên doanh"
47591,"Bán lẻ đồ điện gia dụng, đèn và bộ đèn điện trong các cửa hàng chuyên doanh"
47592,"Bán lẻ giường, tủ, bàn, ghế và đồ dùng nội thất tương tự trong các cửa hàng chuyên doanh"
47593,"Bán lẻ đồ dùng gia đình bằng gốm, sứ, thủy tinh trong các cửa hàng chuyên doanh"
47594,Bán lẻ nhạc cụ trong các cửa hàng chuyên doanh
47599,Bán lẻ đồ dùng gia đình khác còn lại chưa được phân vào đâu trong các cửa hàng chuyên doanh
47610,"Bán lẻ sách, báo, tạp chí, văn phòng phẩm trong các cửa hàng chuyên doanh"
47620,"Bán lẻ băng đĩa âm thanh, hình ảnh (kể cả băng, đĩa trắng) trong các cửa hàng chuyên doanh"
47630,"Bán lẻ thiết bị, dụng cụ thể dục, thể thao trong các cửa hàng chuyên doanh"
47640,"Bán lẻ trò chơi, đồ chơi trong các cửa hàng chuyên doanh"
47711,Bán lẻ hàng may mặc trong các cửa hàng chuyên doanh
47712,"Bán lẻ giày, dép trong các cửa hàng chuyên doanh"
47713,"Bán lẻ cặp, túi, ví, hàng da và giả da khác trong các cửa hàng chuyên doanh"
47721,"Bán lẻ dược phẩm, dụng cụ y tế trong các cửa hàng chuyên doanh"
47722,"Bán lẻ nước hoa, mỹ phẩm và vật phẩm vệ sinh trong các cửa hàng chuyên doanh"
47723,"Bán thuốc đông y, bán thuốc nam trong các cửa hàng chuyên doanh"
47731,"Bán lẻ hoa, cây cảnh, cá cảnh, chim cảnh, vật nuôi cảnh trong các cửa hàng chuyên doanh"
47732,"Bán lẻ vàng, bạc, đá quí và đá bán quí, đồ trang sức trong các cửa hàng chuyên doanh"
47733,"Bán lẻ hàng lưu niệm, hàng đan lát, hàng thủ công mỹ nghệ trong các cửa hàng chuyên doanh"
47734,"Bán lẻ tranh, ảnh và các tác phẩm nghệ thuật khác (trừ đồ cổ) trong các cửa hàng chuyên doanh"
47735,"Bán lẻ dầu hoả, gas, than nhiên liệu dùng cho gia đình trong các cửa hàng chuyên doanh"
47736,"Bán lẻ đồng hồ, kính mắt trong các cửa hàng chuyên doanh"
47737,"Bán lẻ máy ảnh, phim ảnh và vật liệu ảnh trong các cửa hàng chuyên doanh"
47738,Bán lẻ xe đạp và phụ tùng trong các cửa hàng chuyên doanh
47739,Bán lẻ hàng hóa khác mới chưa được phân vào đâu trong các cửa hàng chuyên doanh
47741,Bán lẻ hàng may mặc đã qua sử dụng trong các cửa hàng chuyên doanh
47749,Bán lẻ hàng hóa khác đã qua sử dụng trong các cửa hàng chuyên doanh
47811,Bán lẻ lương thực lưu động hoặc tại chợ
47812,"Bán lẻ thực phẩm khô, thực phẩm công nghiệp, đường sữa bánh kẹo lưu động hoặc tại chợ"
47813,Bán lẻ đồ uống lưu động hoặc tại chợ
47814,"Bán lẻ sản phẩm thuốc lá, thuốc lào lưu động hoặc tại chợ"
47815,"Bán lẻ thịt gia súc, gia cầm tươi sống, đông lạnh lưu động hoặc tại chợ"
47816,"Bán lẻ thủy sản tươi sống, đông lạnh lưu động hoặc tại chợ"
47817,Bán lẻ rau quả lưu động hoặc tại chợ
47818,Bán lẻ thực phẩm chín lưu động hoặc tại chợ
47819,Bán lẻ thực phẩm loại khác chưa được phân vào đâu
47821,Bán lẻ hàng dệt lưu động hoặc tại chợ
47822,Bán lẻ hàng may mặc lưu động hoặc tại chợ
47823,Bán lẻ giày dép lưu động hoặc tại chợ
47830,Bán lẻ thiết bị công nghệ thông tin liên lạc lưu động hoặc tại chợ
47841,"Bán lẻ đồ ngũ kim, sơn, kính và thiết bị lắp đặt khác trong xây dựng lưu động hoặc tại chợ"
47842,"Bán lẻ thảm, đệm, chăn, màn, rèm, vật liệu phủ tường và sàn lưu động hoặc tại chợ"
47843,"Bán lẻ đồ điện gia dụng, giường, tủ, bàn, ghế và đồ nội thất tương tự, đèn và bộ đèn điện, đồ dùng gia đình khác chưa được phân vào đâu lưu động hoặc tại chợ"
47850,"Bán lẻ hàng văn hóa, giải trí lưu động hoặc tại chợ"
47891,Bán lẻ mỹ phẩm và vật phẩm vệ sinh lưu động hoặc tại chợ
47892,"Bán lẻ hàng gốm sứ, thủy tinh lưu động hoặc tại chợ"
47893,"Bán lẻ hoa tươi, cây cảnh lưu động hoặc tại chợ"
47894,"Bán lẻ vàng, bạc, đá quí và đá bán quí, đồ trang sức lưu động hoặc tại chợ"
47895,"Bán lẻ hàng lưu niệm, hàng đan lát, hàng thủ công mỹ nghệ lưu động hoặc tại chợ"
47896,"Bán lẻ đồng hồ, kính mắt lưu động hoặc tại chợ"
47897,Bán lẻ xe đạp và phụ tùng lưu động hoặc tại chợ
47898,Bán lẻ hàng hóa đã qua sử dụng lưu động hoặc tại chợ
47899,"Bán lẻ hàng hóa khác chưa được phân vào đâu, lưu động hoặc tại chợ "
47910,Bán lẻ theo yêu cầu đặt hàng qua bưu điện hoặc internet
47990,Bán lẻ hình thức khác chưa được phân vào đâu
49110,Vận tải hành khách đường sắt
49120,Vận tải hàng hóa đường sắt
49210,Vận tải hành khách bằng xe buýt trong nội thành
49220,Vận tải hành khách bằng xe buýt giữa nội thành và ngoại thành liên tỉnh
49290,Vận tải hành khách bằng xe buýt loại khác
49311,Vận tải hành khách bằng hệ thống đường sắt ngầm hoặc đường sắt trên cao
49312,Vận tải hành khách bằng taxi
49313,"Vận tải hành khách bằng mô tô, xe máy và xe có động cơ khác"
49319,"Vận tải hành khách đường bộ loại khác trong nội thành, ngoại thành (trừ xe buýt)"
49321,"Vận tải hành khách bằng xe khách nội tỉnh, liên tỉnh"
49329,Vận tải hành khách đường bộ khác chưa được phân vào đâu
49331,"Vận tải hàng hóa bằng ô tô chuyên dụng "
49332,Vận tải hàng hóa bằng ô tô loại khác (trừ ô tô chuyên dụng)
49333,Vận tải hàng hóa bằng xe có động cơ loại khác
49334,"Vận tải hàng hóa bằng xe thô sơ "
49339,Vận tải hàng hóa bằng phương tiện đường bộ khác
49400,Vận tải đường ống
50111,"Vận tải hành khách ven biển "
50112,Vận tải hành khách viễn dương
50121,"Vận tải hàng hóa ven biển "
50122,Vận tải hàng hóa viễn dương
50211,Vận tải hành khách đường thuỷ nội địa bằng phương tiện cơ giới
50212,Vận tải hành khách đường thuỷ nội địa bằng phương tiện thô sơ
50221,"Vận tải hàng hóa đường thuỷ nội địa bằng phương tiện cơ giới "
50222,"Vận tải hàng hóa đường thuỷ nội địa bằng phương tiện thô sơ "
51101,Vận tải hành khách hàng không theo tuyến và lịch trình cố định
51109,Vận tải hành khách hàng không loại khác
51201,Vận tải hàng hóa hàng không theo tuyến và lịch trình cố định
51209,Vận tải hàng hóa hàng không loại khác
52101,Kho bãi và lưu giữ hàng hóa trong kho ngoại quan
52102,Kho bãi và lưu giữ hàng hóa trong kho đông lạnh (trừ kho ngoại quan)
52109,Kho bãi và lưu giữ hàng hóa trong kho loại khác
52210,"Hoạt động dịch vụ hỗ trợ trực tiếp cho vận tải đường sắt "
52221,Hoạt động điều hành cảng biển
52222,Hoạt động dịch vụ hỗ trợ liên quan đến vận tải ven biển và viễn dương
52223,Hoạt động điều hành cảng đường thủy nội địa
52224,Hoạt động dịch vụ hỗ trợ liên quan đến vận tải đường thủy nội địa
52231,Dịch vụ điều hành bay
52232,Dịch vụ điều hành hoạt động cảng hàng không
52239,Hoạt động dịch vụ hỗ trợ liên quan đến vận tải hàng không
52241,Bốc xếp hàng hóa ga đường sắt
52242,Bốc xếp hàng hóa đường bộ
52243,Bốc xếp hàng hóa cảng biển
52244,Bốc xếp hàng hóa cảng sông
52245,Bốc xếp hàng hóa cảng hàng không
52249,Bốc xếp hàng hóa loại khác
52251,Hoạt động điều hành bến xe
52252,"Hoạt động quản lý, điều hành đường cao tốc, cầu, hầm đường bộ"
52253,"Hoạt động quản lý bãi đỗ, trông giữ phương tiện đường bộ"
52259,Hoạt động dịch vụ khác hỗ trợ liên quan đến vận tải đường bộ
52291,"Dịch vụ đại lý, giao nhận vận chuyển"
52292,Logistics
52299,Dịch vụ hỗ trợ khác liên quan đến vận tải chưa được phân vào đâu
53100,Bưu chính
53200,Chuyển phát
55101,Khách sạn
55102,Biệt thự hoặc căn hộ kinh doanh dịch vụ lưu trú ngắn ngày
55103,"Nhà khách, nhà nghỉ kinh doanh dịch vụ lưu trú ngắn ngày"
55104,"Nhà trọ, phòng trọ và các cơ sở lưu trú ngắn ngày tương tự"
55901,"Ký túc xá học sinh, sinh viên"
55902,"Chỗ nghỉ trọ trên xe lưu động, lều quán, trại dùng để nghỉ tạm"
55909,Cơ sở lưu trú khác chưa được phân vào đâu
56101,"Nhà hàng, quán ăn, hàng ăn uống (trừ cửa hàng ăn uống thuộc chuỗi cửa hàng ăn nhanh)"
56102,Cửa hàng ăn uống thuộc chuỗi cửa hàng ăn nhanh
56109,Dịch vụ ăn uống phục vụ lưu động khác
56210,"Cung cấp dịch vụ ăn uống theo hợp đồng không thường xuyên với khách hàng "
56290,Dịch vụ ăn uống khác
56301,"Quán rượu, bia, quầy bar"
56302,"Quán cà phê, giải khát"
56309,Dịch vụ phục vụ đồ uống khác
58111,Xuất bản sách trực tuyến
58112,Xuất bản sách khác
58121,Xuất bản các danh mục chỉ dẫn và địa chỉ trực tuyến
58122,Xuất bản các danh mục chỉ dẫn và địa chỉ khác
58131,"Xuất bản báo, tạp chí và các ấn phẩm định kỳ trực tuyến"
58132,"Xuất bản báo, tạp chí và các ấn phẩm định kỳ khác"
58191,Hoạt động xuất bản trực tuyến khác
58192,"Hoạt động xuất bản khác "
58200,Xuất bản phần mềm
59111,Hoạt động sản xuất phim điện ảnh
59112,Hoạt động sản xuất phim video
59113,Hoạt động sản xuất chương trình truyền hình
59120,Hoạt động hậu kỳ
59130,"Hoạt động phát hành phim điện ảnh, phim video và chương trình truyền hình"
59141,Hoạt động chiếu phim cố định
59142,Hoạt động chiếu phim lưu động
59200,Hoạt động ghi âm và xuất bản âm nhạc
60100,Hoạt động phát thanh
60210,Hoạt động truyền hình
60220,"Chương trình cáp, vệ tinh và các chương trình thuê bao khác"
61101,Hoạt động cung cấp trực tiếp dịch vụ viễn thông có dây
61102,Hoạt động cung cấp dịch vụ viễn thông có dây sử dụng quyền truy cập hạ tầng viễn thông của đơn vị khác
61201,Hoạt động cung cấp trực tiếp dịch vụ viễn thông không dây
61202,Hoạt động cung cấp dịch vụ viễn thông không dây sử dụng quyền truy cập hạ tầng viễn thông của đơn vị khác
61300,Hoạt động viễn thông vệ tinh
61901,Hoạt động của các điểm truy cập internet
61909,Hoạt động viễn thông khác chưa được phân vào đâu
62010,Lập trình máy vi tính
62020,Tư vấn máy vi tính và quản trị hệ thống máy vi tính
62090,Hoạt động dịch vụ công nghệ thông tin và dịch vụ khác liên quan đến máy vi tính
63110,"Xử lý dữ liệu, cho thuê và các hoạt động liên quan"
63120,Cổng thông tin
63910,Hoạt động thông tấn
63990,Dịch vụ thông tin khác chưa được phân vào đâu
64110,Hoạt động ngân hàng trung ương
64190,Hoạt động trung gian tiền tệ khác
64200,Hoạt động công ty nắm giữ tài sản
64300,"Hoạt động quỹ tín thác, các quỹ và các tổ chức tài chính khác"
64910,Hoạt động cho thuê tài chính
64920,Hoạt động cấp tín dụng khác
64990,"Hoạt động dịch vụ tài chính khác chưa được phân vào đâu (trừ bảo hiểm và bảo hiểm xã hội) "
65110,Bảo hiểm nhân thọ
65120,"Bảo hiểm phi nhân thọ "
65131,Bảo hiểm y tế
65139,Bảo hiểm sức khỏe khác
65200,Tái bảo hiểm
65300,Bảo hiểm xã hội
66110,Quản lý thị trường tài chính
66120,Môi giới hợp đồng hàng hoá và chứng khoán
66190,Hoạt động hỗ trợ dịch vụ tài chính chưa được phân vào đâu
66210,Đánh giá rủi ro và thiệt hại
66220,Hoạt động của đại lý và môi giới bảo hiểm
66290,Hoạt động hỗ trợ khác cho bảo hiểm và bảo hiểm xã hội
66300,Hoạt động quản lý quỹ
68101,"Mua, bán nhà ở và quyền sử dụng đất ở"
68102,"Mua, bán nhà và quyền sử dụng đất không để ở"
68103,"Cho thuê, điều hành, quản lý nhà và đất ở"
68104,"Cho thuê, điều hành, quản lý nhà và đất không để ở"
68109,Kinh doanh bất động sản khác
68201,"Tư vấn, môi giới bất động sản, quyền sử dụng đất"
68202,"Đấu giá bất động sản, quyền sử dụng đất"
69101,"Hoạt động đại diện, tư vấn pháp luật"
69102,"Hướng dẫn chung và tư vấn, chuẩn bị các tài liệu pháp lý"
69109,Hoạt động pháp luật khác
69200,"Hoạt động liên quan đến kế toán, kiểm toán và tư vấn về thuế"
70100,"Hoạt động của trụ sở văn phòng "
70200,Hoạt động tư vấn quản lý
71101,Hoạt động kiến trúc
71102,Hoạt động đo đạc và bản đồ
71103,"Hoạt động thăm dò địa chất, nguồn nước"
71109,Hoạt động tư vấn kỹ thuật có liên quan khác
71200,Kiểm tra và phân tích kỹ thuật
72110,Nghiên cứu khoa học và phát triển công nghệ trong lĩnh vực khoa học tự nhiên
72120,Nghiên cứu khoa học và phát triển công nghệ trong lĩnh vực khoa học kỹ thuật và công nghệ
72130,"Nghiên cứu khoa học và phát triển công nghệ trong lĩnh vực khoa học y, dược"
72140,Nghiên cứu khoa học và phát triển công nghệ trong lĩnh vực khoa học nông nghiệp
72210,Nghiên cứu khoa học và phát triển công nghệ trong lĩnh vực khoa học xã hội
72220,Nghiên cứu khoa học và phát triển công nghệ trong lĩnh vực khoa học nhân văn
73100,Quảng cáo
73200,Nghiên cứu thị trường và thăm dò dư luận
74100,Hoạt động thiết kế chuyên dụng
74200,Hoạt động nhiếp ảnh
74901,Hoạt động khí tượng thuỷ văn
74909,"Hoạt động chuyên môn, khoa học và công nghệ khác còn lại chưa được phân vào đâu"
75000,Hoạt động thú y
77101,Cho thuê ô tô
77109,Cho thuê xe có động cơ khác
77210,"Cho thuê thiết bị thể thao, vui chơi giải trí"
77220,"Cho thuê băng, đĩa video"
77290,Cho thuê đồ dùng cá nhân và gia đình khác
77301,"Cho thuê máy móc, thiết bị nông, lâm nghiệp không kèm người điều khiển"
77302,"Cho thuê máy móc, thiết bị xây dựng không kèm người điều khiển"
77303,"Cho thuê máy móc, thiết bị văn phòng (kể cả máy vi tính) không kèm người điều khiển"
77304,"Cho thuê máy bay, phương tiện bay không kèm người điều khiển"
77305,"Cho thuê tàu, thuyền và kết cấu nổi không kèm người điều khiển"
77309,"Cho thuê máy móc, thiết bị và đồ dùng hữu hình khác không kèm người điều khiển chưa được phân vào đâu"
77400,"Cho thuê tài sản vô hình phi tài chính "
78100,"Hoạt động của các trung tâm, đại lý tư vấn, giới thiệu và môi giới lao động việc làm"
78200,Cung ứng lao động tạm thời
78301,Cung ứng và quản lý nguồn lao động trong nước
78302,Cung ứng và quản lý nguồn lao động đi làm việc ở nước ngoài
79110,Đại lý du lịch
79120,Điều hành tua du lịch
79900,Dịch vụ đặt chỗ và các dịch vụ hỗ trợ liên quan đến quảng bá và tổ chức tua du lịch
80100,Hoạt động bảo vệ tư nhân
80200,Dịch vụ hệ thống bảo đảm an toàn
80300,Dịch vụ điều tra
81100,Dịch vụ hỗ trợ tổng hợp
81210,"Vệ sinh chung nhà cửa "
81290,Vệ sinh công nghiệp và các công trình chuyên biệt
81300,Dịch vụ chăm sóc và duy trì cảnh quan
82110,Dịch vụ hành chính văn phòng tổng hợp
82191,"Photo, chuẩn bị tài liệu "
82199,Hoạt động hỗ trợ văn phòng đặc biệt khác
82200,Hoạt động dịch vụ liên quan đến các cuộc gọi
82300,Tổ chức giới thiệu và xúc tiến thương mại
82910,"Hoạt động dịch vụ hỗ trợ thanh toán, tín dụng"
82920,Dịch vụ đóng gói
82990,Hoạt động dịch vụ hỗ trợ kinh doanh khác còn lại chưa được phân vào đâu
84111,"Hoạt động của Đảng Cộng sản, tổ chức chính trị - xã hội"
84112,"Hoạt động quản lý nhà nước nói chung và kinh tế tổng hợp "
84120,"Hoạt động quản lý nhà nước trong các lĩnh vực y tế, giáo dục, văn hoá và các dịch vụ xã hội khác (trừ bảo đảm xã hội bắt buộc)"
84130,Hoạt động quản lý nhà nước trong các lĩnh vực kinh tế chuyên ngành
84210,Hoạt động đối ngoại
84220,Hoạt động quốc phòng
84230,"Hoạt động an ninh, trật tự an toàn xã hội"
84300,Hoạt động bảo đảm xã hội bắt buộc
85110,Giáo dục nhà trẻ
85120,Giáo dục mẫu giáo
85210,Giáo dục tiểu học
85220,Giáo dục trung học cơ sở
85230,Giáo dục trung học phổ thông
85310,Đào tạo sơ cấp
85320,Đào tạo trung cấp
85330,Đào tạo cao đẳng
85410,Đào tạo đại học
85420,Đào tạo thạc sỹ
85430,Đào tạo tiến sỹ
85510,Giáo dục thể thao và giải trí
85520,Giáo dục văn hoá nghệ thuật
85590,Giáo dục khác chưa được phân vào đâu
85600,Dịch vụ hỗ trợ giáo dục
86101,Hoạt động của các bệnh viện
86102,Hoạt động của các trạm y tế và trạm y tế bộ/ngành
86201,"Hoạt động của các phòng khám đa khoa, chuyên khoa"
86202,Hoạt động của các phòng khám nha khoa
86910,"Hoạt động y tế dự phòng "
86920,"Hoạt động của hệ thống cơ sở chỉnh hình, phục hồi chức năng"
86990,Hoạt động y tế khác chưa được phân vào đâu
87101,"Hoạt động của các cơ sở nuôi dưỡng, điều dưỡng thương bệnh binh"
87109,"Hoạt động của các cơ sở nuôi dưỡng, điều dưỡng các đối tượng khác"
87201,"Hoạt động chăm sóc sức khoẻ người bị thiểu năng, tâm thần"
87202,"Hoạt động chăm sóc sức khoẻ, cai nghiện phục hồi người nghiện"
87301,Hoạt động chăm sóc sức khoẻ người có công (trừ thương bệnh binh)
87302,Hoạt động chăm sóc sức khoẻ người già
87303,Hoạt động chăm sóc sức khoẻ người khuyết tật
87901,"Hoạt động chữa bệnh, phục hồi nhân phẩm cho đối tượng mại dâm"
87909,Hoạt động chăm sóc tập trung khác chưa được phân vào đâu
88101,Hoạt động trợ giúp xã hội không tập trung đối với người có công (trừ thương bệnh binh)
88102,Hoạt động trợ giúp xã hội không tập trung đối với thương bệnh binh
88103,"Hoạt động trợ giúp xã hội không tập trung đối với người già và người khuyết tật "
88900,Hoạt động trợ giúp xã hội không tập trung khác
90000,"Hoạt động sáng tác, nghệ thuật và giải trí "
91010,Hoạt động thư viện và lưu trữ
91020,"Hoạt động bảo tồn, bảo tàng"
91030,"Hoạt động của các vườn bách thảo, bách thú và khu bảo tồn tự nhiên"
92001,Hoạt động xổ số
92002,Hoạt động cá cược và đánh bạc
93110,Hoạt động của các cơ sở thể thao
93120,Hoạt động của các câu lạc bộ thể thao
93190,Hoạt động thể thao khác
93210,Hoạt động của các công viên vui chơi và công viên theo chủ đề
93290,Hoạt động vui chơi giải trí khác chưa được phân vào đâu
94110,Hoạt động của các hiệp hội kinh doanh và nghiệp chủ
94120,Hoạt động của các hội nghề nghiệp
94200,Hoạt động của công đoàn
94910,Hoạt động của các tổ chức tôn giáo
94990,Hoạt động của các tổ chức khác chưa được phân vào đâu
95110,Sửa chữa máy vi tính và thiết bị ngoại vi
95120,Sửa chữa thiết bị liên lạc
95210,Sửa chữa thiết bị nghe nhìn điện tử gia dụng
95220,"Sửa chữa thiết bị, đồ dùng gia đình"
95230,"Sửa chữa giày, dép, hàng da và giả da"
95240,"Sửa chữa giường, tủ, bàn, ghế và đồ nội thất tương tự"
95290,"Sửa chữa xe đạp, đồng hồ, đồ dùng cá nhân và gia đình khác chưa được phân vào đâu"
96100,"Dịch vụ tắm hơi, massage và các dịch vụ tăng cường sức khỏe tương tự (trừ hoạt động thể thao)"
96200,"Giặt là, làm sạch các sản phẩm dệt và lông thú"
96310,"Cắt tóc, làm đầu, gội đầu "
96320,Hoạt động dịch vụ phục vụ tang lễ
96330,Hoạt động dịch vụ phục vụ hôn lễ
96390,Hoạt động dịch vụ phục vụ cá nhân khác còn lại chưa được phân vào đâu
97000,Hoạt động làm thuê công việc gia đình trong các hộ gia đình
98100,Hoạt động sản xuất các sản phẩm vật chất tự tiêu dùng của hộ gia đình
98200,Hoạt động sản xuất các sản phẩm dịch vụ tự tiêu dùng của hộ gia đình
99000,Hoạt động của các tổ chức và cơ quan quốc tế
